t_h,C_mgL
11.723,0.658
25.681,-0.212
0.707,4.57
3.042,5.266
5.501,2.737
6.327,2.553
0.496,3.843
8.778,1.176
1.029,6.313
3.168,4.882
1.248,6.484
0.521,3.715
1.194,6.354
11.679,0.769
0.264,2.72
18.011,0.17
7.761,1.968
2.126,5.976
0.265,2.573
2.036,6.346
2.417,5.969
7.857,1.692
19.741,0.503
18.204,0.313
2.472,5.712
4.328,4.308
1.265,6.119
2.153,6.175
24.934,-0.486
1.254,6.144
2.057,6.425
1.006,5.393
0.234,1.753
0.811,5.091
1.505,6.045
2.917,5.258
0.233,1.876
0.236,2.198
1.401,6.24
11.087,0.603
2.654,5.721
0.474,3.937
0.965,5.853
2.702,5.701
8.274,2.108
17.766,0.212
2.983,5.776
0.25,1.977
25.525,0.551
23.311,0.475
18.086,0.687
7.378,2.071
3.789,5.156
1.073,5.785
1.586,6.081
1.362,6.277
6.287,2.241
1.991,6.215
7.53,1.327
0.521,3.58
0.523,4.219
0.52,4.243
1.193,6.003
1.213,5.938
1.571,5.956
0.239,2.748
3.724,4.726
11.168,1.201
12.959,0.544
2.739,5.954
